ID,Original_Title,Humanized_Title,Original_Meta,Humanized_Meta,Category,Patterns_Removed_Count,Priority
27155,Netflix 2025 必看韓劇推薦：新上線熱門劇集評測排行,2026 年最值得看的韓劇？Netflix 新劇排行,2025 年 Netflix 最新韓劇推薦，精選獨家劇集評測排行。深度分析劇情、演員、評分，幫助您快速找到最適合的必看好劇。,Netflix 新劇眾多，到底哪些值得看？我們找出 2026 必追韓劇，從劇情、演員到評分全面拆解，讓你不再踩雷。,Entertainment,4,HIGH
28183,台灣夜市美食排名 2026：士林、逢甲、華西街激戰分析,台灣夜市美食 2026：士林、逢甲、華西街誰贏？,台灣最著名夜市美食排名完整指南。比較士林、逢甲、華西街夜市熱門美食，評分、價格、特色一覽，發現在地美食必吃清單。,台灣夜市美食戰爭火爆，士林、逢甲、華西街哪家最威？我們實地體驗、價格比較、評分分析，幫你找到必吃名單。,Food & Lifestyle,4,HIGH
32093,AI 繪圖工具對比 2026：Midjourney vs DALL-E vs Stable Diffusion,Midjourney vs DALL-E vs Stable Diffusion：2026 AI 畫圖工具誰最強？,AI 繪圖工具完整對比評測。詳細分析 Midjourney、DALL-E、Stable Diffusion 的功能、價格、生成品質，幫助您選擇最適合的 AI 繪圖軟體。,想用 AI 畫圖但不知道選哪個？Midjourney、DALL-E、Stable Diffusion 三強對戰，功能、價格、效果全面比拼，讓你找到最夠用的那個。,Technology,5,HIGH
30369,宅配便當熱量排名 2026：便利商店便當營養評測比較,便利商店便當熱量排行 2026：哪家最低卡、最健康？,便利商店便當熱量排名與營養評測。詳細分析各便當品牌熱量、營養成分、CP 值，助您選擇健康便當，適合上班族和健身愛好者。,上班族吃便當怕發胖？我們測了各家連鎖便當的熱量、營養，找出最低卡、最划算的選項，健身愛好者必讀。,Health & Nutrition,4,HIGH
27412,直播帶貨時代：抖音達人收入分析與成功案例 2026,抖音直播帶貨賺多少？2026 達人收入大拆解,直播帶貨達人收入分析與成功案例。揭秘抖音帶貨主播月收入、變現方式、粉絲轉化率，分享成功達人的營運策略和增粉技巧。,抖音帶貨主播月入 10 萬真的假的？我們扒開數字、分析變現模式、粉絲轉化率，看看成功達人怎麼玩、怎麼漲粉。,Social Media & Business,4,HIGH
30128,台灣咖啡廳連鎖品牌排名：環境、服務、咖啡品質評測,台灣連鎖咖啡廳排名：環境、服務、咖啡，誰最全能？,台灣咖啡廳連鎖品牌完整評比。分析環境舒適度、服務品質、咖啡等級，推薦上班族和學生首選咖啡廳，幫您找到最佳工作點。,找工作地點頻常糾結？我們評測台灣連鎖咖啡廳的環境、服務、咖啡品質，告訴你上班族和學生最推的選擇。,Food & Lifestyle,3,HIGH
31761,2026 遊戲本電腦推薦：ROG vs MSI vs ASUS 效能對比評測,遊戲本 2026 怎麼選？ROG vs MSI vs ASUS 效能對決,2026 年遊戲本電腦選購指南。比較 ROG、MSI、ASUS 等品牌的效能、散熱、價格，助您選擇最適合 AAA 遊戲的高效能筆電。,想買遊戲本但品牌一堆？ROG、MSI、ASUS 三大廠牌效能、散熱、價位全面打，讓你找到玩 3A 大作最順的那台。,Technology,5, HIGH
26090,線上課程平台評比 2026：Udemy vs Skillshare vs 其他平台,線上課程平台怎麼選？Udemy vs Skillshare vs 其他 2026,線上課程平台完整評比。分析 Udemy、Skillshare、MasterClass 的課程多樣性、講師品質、訂閱費用，助您選擇最適合學習平台。,想學新技能卻不知道上哪個平台？Udemy、Skillshare、MasterClass 課程質量、師資、價格全面比較，找到最適合你的學習方式。,Education,3,MEDIUM
31654,股票投資新手教學 2026：基礎知識、策略與風險管理,股票投資新手入門 2026：從 0 開始學什麼？,股票投資新手完整教學。講解基本概念、選股策略、風險管理、手續費計算，助初心者安全踏入股市，累積被動收入。,股票市場新手總是被嚇到？我們講清楚基本概念、選股不賠錢的方法、風險怎麼控，讓你安心踏入股市累積被動收入。,Finance & Investment,4,HIGH
29027,2026 瘦身減肥方法排名：科學驗證與減脂成效評測,2026 瘦身方法大評測：哪種減脂最有效？,瘦身減肥方法科學評測排名。比較運動、飲食、代謝法的減肥成效，提供安全高效的減脂方案，助您健康瘦身。,減肥方法千百種，到底哪種最有效？我們用科學數據比較運動、飲食、代謝法，教你健康瘦身不復胖。,Health & Fitness,5,HIGH
